"Informazioni cronologiche","Are you familiar with Machine Learning and/or Artificial Intelligence?","Have you ever used Deep Learning models for Natural Language Processing?","Are the following explanations RELEVANT for the prediction made for this ""Input Text""? [Explanation 1 is ...]","Are the following explanations RELEVANT for the prediction made for this ""Input Text""? [Explanation 2 is ...]","Are the following explanations relevant for the prediction made for this ""Input Text""? [Explanation 1 is ...]","Are the following explanations relevant for the prediction made for this ""Input Text""? [Explanation 2 is ...]","Are the following explanations relevant for the prediction made for this ""Input Text""? [Explanation 1 is ...]","Are the following explanations relevant for the prediction made for this ""Input Text""? [Explanation 2 is ...]","Are the following explanations relevant for the prediction made for this ""Input Text""? [Explanation 1 is ...]","Are the following explanations relevant for the prediction made for this ""Input Text""? [Explanation 2 is ...]","Are the following explanations relevant for the prediction made for this ""Input Text""? [Explanation 1 is ...]","Are the following explanations relevant for the prediction made for this ""Input Text""? [Explanation 2 is ...]","Are the following explanations relevant for the prediction made for this ""Input Text""? [Explanation 1 is ...]","Are the following explanations relevant for the prediction made for this ""Input Text""? [Explanation 2 is ...]","Are the following explanations relevant for the prediction made for this ""Input Text""? [Explanation 1 is ...]","Are the following explanations relevant for the prediction made for this ""Input Text""? [Explanation 2 is ...]","Are the following explanations relevant for the prediction made for this ""Input Text""? [Explanation 1 is ...]","Are the following explanations relevant for the prediction made for this ""Input Text""? [Explanation 2 is ...]","Are the following explanations relevant for the prediction made for this ""Input Text""? [Explanation 1 is ...]","Are the following explanations relevant for the prediction made for this ""Input Text""? [Explanation 2 is ...]","Are the following explanations relevant for the prediction made for this ""Input Text""? [Explanation 1 is ...]","Are the following explanations relevant for the prediction made for this ""Input Text""? [Explanation 2 is ...]","Are the following explanations relevant for the prediction made for this ""Input Text""? [Explanation 1 is ...]","Are the following explanations relevant for the prediction made for this ""Input Text""? [Explanation 2 is ...]","Are the following explanations relevant for the prediction made for this ""Input Text""? [Explanation 1 is ...]","Are the following explanations relevant for the prediction made for this ""Input Text""? [Explanation 2 is ...]","Are the following explanations relevant for the prediction made for this ""Input Text""? [Explanation 1 is ...]","Are the following explanations relevant for the prediction made for this ""Input Text""? [Explanation 2 is ...]","Are the following explanations relevant for the prediction made for this ""Input Text""? [Explanation 1 is ...]","Are the following explanations relevant for the prediction made for this ""Input Text""? [Explanation 2 is ...]","Are the following explanations relevant for the prediction made for this ""Input Text""? [Explanation 1 is ...]","Are the following explanations relevant for the prediction made for this ""Input Text""? [Explanation 2 is ...]","Are the following explanations relevant for the prediction made for this ""Input Text""? [Explanation 1 is ...]","Are the following explanations relevant for the prediction made for this ""Input Text""? [Explanation 2 is ...]","Are the following explanations relevant for the prediction made for this ""Input Text""? [Explanation 1 is ...]","Are the following explanations relevant for the prediction made for this ""Input Text""? [Explanation 2 is ...]","Are the following explanations relevant for the prediction made for this ""Input Text""? [Explanation 1 is ...]","Are the following explanations relevant for the prediction made for this ""Input Text""? [Explanation 2 is ...]","Are the following explanations relevant for the prediction made for this ""Input Text""? [Explanation 1 is ...]","Are the following explanations relevant for the prediction made for this ""Input Text""? [Explanation 2 is ...]","Are the following explanations relevant for the prediction made for this ""Input Text""? [Explanation 1 is ...]","Are the following explanations relevant for the prediction made for this ""Input Text""? [Explanation 2 is ...]","Are the following explanations relevant for the prediction made for this ""Input Text""? [Explanation 1 is ...]","Are the following explanations relevant for the prediction made for this ""Input Text""? [Explanation 2 is ...]"," Was the task of the survey clear?","Were the proposed explanations easy to understand?","Do you have any other comments?"
"2021/03/23 8:28:00 PM EET","Yes","No","Relevant","Not relevant","Very Relevant","Not relevant","Relevant","Not relevant","Not relevant","Very Relevant","Not relevant","Very Relevant","Not relevant","Very Relevant","Very Relevant","Not relevant","Not relevant","Very Relevant","Very Relevant","Not relevant","Very Relevant","Not relevant","Not relevant","Very Relevant","Very Relevant","Not relevant","Not relevant","Very Relevant","Not relevant","Not relevant","Not relevant","Very Relevant","Very Relevant","Not relevant","Relevant","Very Relevant","Relevant","Not relevant","Not relevant","Not relevant","Not relevant","Relevant","Very Relevant","Not relevant","2","2","When I started the survey, I thought the words highlighted in explanation 1 were the words useful for the classification, and those in explanation 2, the words identified as not useful. I was misled by the example given at the beginning of the page. I hope I am not the only dumb person who had this problem <-- toxic sentence :)

The survey is too large. "
"2021/03/25 12:03:28 AM EET","No","No","Relevant","Relevant","Very Relevant","Not relevant","Relevant","Not relevant","Not relevant","Very Relevant","Relevant","Very Relevant","Very Relevant","Relevant","Not relevant","Not relevant","Very Relevant","Very Relevant","Relevant","Very Relevant","Not relevant","Not relevant","Relevant","Relevant","Relevant","Very Relevant","Very Relevant","Relevant","Very Relevant","Very Relevant","Relevant","Relevant","Relevant","Relevant","Relevant","Relevant","Relevant","Relevant","Relevant","Relevant","Relevant","Relevant","Relevant","Relevant","3","3",""
"2021/03/25 1:36:11 PM EET","Yes","Yes","Very Relevant","Not relevant","Very Relevant","Not relevant","Very Relevant","Relevant","Not relevant","Very Relevant","Not relevant","Very Relevant","Not relevant","Very Relevant","Very Relevant","Not relevant","Not relevant","Very Relevant","Very Relevant","Not relevant","Very Relevant","Not relevant","Not relevant","Very Relevant","Very Relevant","Not relevant","Not relevant","Very Relevant","Not relevant","Very Relevant","Relevant","Very Relevant","Very Relevant","Relevant","Not relevant","Very Relevant","Relevant","Very Relevant","Relevant","Not relevant","Relevant","Relevant","Very Relevant","Not relevant","5","5",""
"2021/03/25 1:45:57 PM EET","Yes","No","Relevant","Not relevant","Relevant","Very Relevant","Relevant","Not relevant","Not relevant","Very Relevant","Not relevant","Very Relevant","Not relevant","Very Relevant","Very Relevant","Not relevant","Not relevant","Very Relevant","Very Relevant","Relevant","Very Relevant","Not relevant","Not relevant","Very Relevant","Very Relevant","Not relevant","Not relevant","Relevant","Relevant","Relevant","Relevant","Very Relevant","Relevant","Not relevant","Not relevant","Very Relevant","Very Relevant","Not relevant","Very Relevant","Not relevant","Not relevant","Very Relevant","Very Relevant","Not relevant","4","4",""
"2021/03/25 1:52:56 PM EET","Yes","No","Relevant","Not relevant","Very Relevant","Not relevant","Relevant","Not relevant","Not relevant","Very Relevant","Not relevant","Very Relevant","Not relevant","Very Relevant","Very Relevant","Not relevant","Not relevant","Very Relevant","Very Relevant","Not relevant","Very Relevant","Not relevant","Not relevant","Very Relevant","Very Relevant","Not relevant","Not relevant","Very Relevant","Not relevant","Relevant","Not relevant","Very Relevant","Very Relevant","Not relevant","Not relevant","Very Relevant","Relevant","Not relevant","Very Relevant","Not relevant","Not relevant","Relevant","Relevant","Not relevant","4","4",""
"2021/03/25 1:55:03 PM EET","Yes","Yes","Relevant","Not relevant","Very Relevant","Relevant","Very Relevant","Not relevant","Not relevant","Very Relevant","Not relevant","Very Relevant","Not relevant","Very Relevant","Very Relevant","Not relevant","Not relevant","Very Relevant","Very Relevant","Not relevant","Very Relevant","Not relevant","Relevant","Very Relevant","Very Relevant","Not relevant","Very Relevant","Very Relevant","Not relevant","Not relevant","Very Relevant","Not relevant","Not relevant","Not relevant","Not relevant","Relevant","Not relevant","Not relevant","Not relevant","Not relevant","Not relevant","Not relevant","Relevant","Not relevant","5","5",""
"2021/03/25 1:56:13 PM EET","Yes","No","Very Relevant","Not relevant","Very Relevant","Not relevant","Very Relevant","Not relevant","Not relevant","Very Relevant","Not relevant","Very Relevant","Not relevant","Very Relevant","Very Relevant","Not relevant","Not relevant","Very Relevant","Very Relevant","Not relevant","Very Relevant","Not relevant","Not relevant","Very Relevant","Very Relevant","Not relevant","Not relevant","Not relevant","Not relevant","Very Relevant","Not relevant","Very Relevant","Very Relevant","Not relevant","Not relevant","Very Relevant","Very Relevant","Not relevant","Very Relevant","Not relevant","Not relevant","Very Relevant","Very Relevant","Not relevant","5","5",""
"2021/03/25 1:58:38 PM EET","Yes","No","Very Relevant","Not relevant","Very Relevant","Not relevant","Very Relevant","Not relevant","Not relevant","Very Relevant","Not relevant","Very Relevant","Not relevant","Very Relevant","Very Relevant","Not relevant","Not relevant","Very Relevant","Very Relevant","Not relevant","Very Relevant","Not relevant","Not relevant","Very Relevant","Very Relevant","Not relevant","Not relevant","Very Relevant","Relevant","Not relevant","Not relevant","Very Relevant","Very Relevant","Not relevant","Not relevant","Very Relevant","Relevant","Not relevant","Very Relevant","Not relevant","Not relevant","Relevant","Relevant","Not relevant","4","4",""
"2021/03/25 1:59:18 PM EET","Yes","No","Very Relevant","Not relevant","Relevant","Relevant","Very Relevant","Not relevant","Not relevant","Very Relevant","Not relevant","Very Relevant","Not relevant","Very Relevant","Very Relevant","Not relevant","Not relevant","Very Relevant","Very Relevant","Not relevant","Very Relevant","Not relevant","Not relevant","Very Relevant","Very Relevant","Not relevant","Relevant","Relevant","Not relevant","Not relevant","Relevant","Very Relevant","Very Relevant","Not relevant","Not relevant","Very Relevant","Relevant","Relevant","Very Relevant","Not relevant","Not relevant","Relevant","Relevant","Not relevant","5","4",""
"2021/03/25 2:02:16 PM EET","Yes","No","Relevant","Not relevant","Relevant","Not relevant","Relevant","Relevant","Not relevant","Relevant","Relevant","Not relevant","Relevant","Not relevant","Relevant","Not relevant","Not relevant","Relevant","Relevant","Not relevant","Relevant","Not relevant","Not relevant","Relevant","Relevant","Not relevant","Not relevant","Relevant","Not relevant","Relevant","Not relevant","Relevant","Relevant","Not relevant","Not relevant","Relevant","Relevant","Not relevant","Relevant","Relevant","Relevant","Relevant","Relevant","Not relevant","3","4",""
"2021/03/25 2:03:29 PM EET","Yes","No","Relevant","Not relevant","Relevant","Not relevant","Very Relevant","Not relevant","Not relevant","Relevant","Not relevant","Relevant","Not relevant","Relevant","Very Relevant","Not relevant","Not relevant","Relevant","Relevant","Not relevant","Relevant","Not relevant","Relevant","Very Relevant","Very Relevant","Not relevant","Not relevant","Very Relevant","Not relevant","Relevant","Not relevant","Very Relevant","Very Relevant","Not relevant","Not relevant","Very Relevant","Very Relevant","Not relevant","Very Relevant","Not relevant","Not relevant","Very Relevant","Relevant","Not relevant","4","4",""
"2021/03/25 2:06:53 PM EET","Yes","Yes","Very Relevant","Not relevant","Very Relevant","Not relevant","Very Relevant","Not relevant","Not relevant","Very Relevant","Not relevant","Very Relevant","Not relevant","Very Relevant","Very Relevant","Not relevant","Relevant","Very Relevant","Very Relevant","Relevant","Very Relevant","Relevant","Relevant","Very Relevant","Very Relevant","Not relevant","Relevant","Very Relevant","Relevant","Very Relevant","Not relevant","Very Relevant","Relevant","Very Relevant","Very Relevant","Relevant","Very Relevant","Very Relevant","Relevant","Relevant","Not relevant","Relevant","Not relevant","Not relevant","4","3",""
"2021/03/25 2:07:17 PM EET","Yes","No","Very Relevant","Not relevant","Relevant","Not relevant","Very Relevant","Not relevant","Not relevant","Very Relevant","Not relevant","Very Relevant","Not relevant","Very Relevant","Very Relevant","Not relevant","Not relevant","Very Relevant","Very Relevant","Relevant","Very Relevant","Not relevant","Not relevant","Very Relevant","Very Relevant","Not relevant","Not relevant","Very Relevant","Not relevant","Very Relevant","Relevant","Very Relevant","Very Relevant","Not relevant","Not relevant","Very Relevant","Very Relevant","Not relevant","Very Relevant","Not relevant","Not relevant","Very Relevant","Very Relevant","Not relevant","5","5",""
"2021/03/25 2:12:41 PM EET","Yes","No","Relevant","Not relevant","Very Relevant","Not relevant","Not relevant","Not relevant","Not relevant","Very Relevant","Not relevant","Very Relevant","Not relevant","Very Relevant","Very Relevant","Not relevant","Not relevant","Very Relevant","Very Relevant","Not relevant","Very Relevant","Relevant","Relevant","Very Relevant","Very Relevant","Not relevant","Not relevant","Very Relevant","Not relevant","Relevant","Not relevant","Very Relevant","Very Relevant","Not relevant","Not relevant","Very Relevant","Not relevant","Not relevant","Very Relevant","Not relevant","Not relevant","Very Relevant","Relevant","Not relevant","5","4",""
"2021/03/25 2:13:41 PM EET","Yes","No","Very Relevant","Not relevant","Relevant","Not relevant","Not relevant","Not relevant","Not relevant","Very Relevant","Not relevant","Relevant","Very Relevant","Not relevant","Very Relevant","Not relevant","Relevant","Relevant","Relevant","Not relevant","Very Relevant","Not relevant","Not relevant","Relevant","Relevant","Not relevant","Relevant","Not relevant","Not relevant","Very Relevant","Not relevant","Very Relevant","Very Relevant","Not relevant","Not relevant","Very Relevant","Relevant","Not relevant","Very Relevant","Not relevant","Not relevant","Very Relevant","Relevant","Not relevant","4","5",""
"2021/03/25 2:24:25 PM EET","Yes","No","Very Relevant","Not relevant","Not relevant","Very Relevant","Not relevant","Not relevant","Not relevant","Very Relevant","Not relevant","Very Relevant","Not relevant","Very Relevant","Very Relevant","Not relevant","Not relevant","Very Relevant","Relevant","Not relevant","Very Relevant","Not relevant","Not relevant","Relevant","Very Relevant","Not relevant","Not relevant","Relevant","Not relevant","Not relevant","Not relevant","Very Relevant","Very Relevant","Not relevant","Not relevant","Very Relevant","Not relevant","Not relevant","Relevant","Not relevant","Not relevant","Relevant","Not relevant","Not relevant","4","3",""
"2021/03/25 2:35:45 PM EET","Yes","No","Relevant","Not relevant","Very Relevant","Not relevant","Very Relevant","Not relevant","Not relevant","Very Relevant","Not relevant","Very Relevant","Not relevant","Very Relevant","Very Relevant","Not relevant","Not relevant","Very Relevant","Very Relevant","Not relevant","Very Relevant","Not relevant","Not relevant","Very Relevant","Very Relevant","Not relevant","Not relevant","Very Relevant","Not relevant","Very Relevant","Not relevant","Very Relevant","Very Relevant","Relevant","Not relevant","Very Relevant","Very Relevant","Not relevant","Very Relevant","Not relevant","Not relevant","Very Relevant","Very Relevant","Not relevant","4","5",""
"2021/03/25 2:47:03 PM EET","Yes","No","Very Relevant","Not relevant","Very Relevant","Not relevant","Relevant","Not relevant","Not relevant","Very Relevant","Not relevant","Relevant","Not relevant","Relevant","Very Relevant","Not relevant","Not relevant","Very Relevant","Very Relevant","Not relevant","Relevant","Not relevant","Not relevant","Very Relevant","Very Relevant","Not relevant","Not relevant","Very Relevant","Not relevant","Very Relevant","Not relevant","Very Relevant","Very Relevant","Not relevant","Not relevant","Very Relevant","Relevant","Not relevant","Very Relevant","Not relevant","Not relevant","Relevant","Relevant","Not relevant","5","5","Good Job! Make students involved in these projects more often"
"2021/03/25 2:55:51 PM EET","Yes","No","Relevant","Not relevant","Relevant","Relevant","Very Relevant","Not relevant","Not relevant","Very Relevant","Not relevant","Relevant","Not relevant","Relevant","Very Relevant","Not relevant","Not relevant","Relevant","Relevant","Not relevant","Relevant","Not relevant","Not relevant","Very Relevant","Very Relevant","Not relevant","Not relevant","Relevant","Not relevant","Not relevant","Not relevant","Relevant","Relevant","Not relevant","Not relevant","Very Relevant","Relevant","Not relevant","Relevant","Not relevant","Not relevant","Relevant","Relevant","Not relevant","4","3",""
"2021/03/25 3:03:01 PM EET","Yes","No","Relevant","Not relevant","Relevant","Not relevant","Very Relevant","Not relevant","Not relevant","Very Relevant","Not relevant","Very Relevant","Not relevant","Very Relevant","Relevant","Not relevant","Not relevant","Very Relevant","Relevant","Not relevant","Very Relevant","Not relevant","Not relevant","Very Relevant","Relevant","Not relevant","Not relevant","Relevant","Relevant","Relevant","Not relevant","Very Relevant","Relevant","Not relevant","Not relevant","Very Relevant","Relevant","Not relevant","Relevant","Not relevant","Not relevant","Relevant","Relevant","Not relevant","5","5",""
"2021/03/25 3:04:00 PM EET","Yes","No","Very Relevant","Not relevant","Very Relevant","Not relevant","Very Relevant","Not relevant","Not relevant","Very Relevant","Not relevant","Very Relevant","Not relevant","Very Relevant","Very Relevant","Not relevant","Not relevant","Very Relevant","Relevant","Not relevant","Relevant","Not relevant","Not relevant","Very Relevant","Very Relevant","Not relevant","Not relevant","Relevant","Not relevant","Very Relevant","Not relevant","Very Relevant","Very Relevant","Not relevant","Not relevant","Very Relevant","Very Relevant","Not relevant","Very Relevant","Not relevant","Not relevant","Very Relevant","Relevant","Not relevant","4","5",""
"2021/03/25 3:05:33 PM EET","Yes","Yes","Very Relevant","Not relevant","Very Relevant","Relevant","Relevant","Not relevant","Not relevant","Very Relevant","Not relevant","Very Relevant","Not relevant","Very Relevant","Very Relevant","Not relevant","Not relevant","Very Relevant","Relevant","Not relevant","Very Relevant","Relevant","Not relevant","Very Relevant","Very Relevant","Not relevant","Not relevant","Very Relevant","Not relevant","Very Relevant","Not relevant","Very Relevant","Very Relevant","Not relevant","Not relevant","Very Relevant","Very Relevant","Not relevant","Very Relevant","Not relevant","Not relevant","Relevant","Very Relevant","Not relevant","5","5",""
"2021/03/25 3:09:36 PM EET","Yes","No","Relevant","Not relevant","Very Relevant","Not relevant","Very Relevant","Not relevant","Not relevant","Very Relevant","Not relevant","Very Relevant","Not relevant","Very Relevant","Very Relevant","Not relevant","Not relevant","Very Relevant","Very Relevant","Not relevant","Very Relevant","Not relevant","Not relevant","Very Relevant","Very Relevant","Not relevant","Not relevant","Very Relevant","Relevant","Very Relevant","Very Relevant","Very Relevant","Very Relevant","Relevant","Not relevant","Very Relevant","Very Relevant","Not relevant","Very Relevant","Not relevant","Not relevant","Very Relevant","Very Relevant","Not relevant","5","5",""
"2021/03/25 3:30:54 PM EET","Yes","Yes","Relevant","Not relevant","Relevant","Not relevant","Very Relevant","Not relevant","Not relevant","Very Relevant","Not relevant","Very Relevant","Not relevant","Very Relevant","Very Relevant","Not relevant","Not relevant","Very Relevant","Very Relevant","Not relevant","Very Relevant","Not relevant","Relevant","Very Relevant","Very Relevant","Not relevant","Not relevant","Relevant","Not relevant","Very Relevant","Not relevant","Very Relevant","Very Relevant","Not relevant","Not relevant","Very Relevant","Relevant","Not relevant","Relevant","Not relevant","Not relevant","Very Relevant","Relevant","Not relevant","5","5",""
"2021/03/25 3:35:25 PM EET","No","No","Relevant","Not relevant","Not relevant","Relevant","Very Relevant","Not relevant","Not relevant","Very Relevant","Not relevant","Relevant","Not relevant","Relevant","Very Relevant","Not relevant","Relevant","Relevant","Very Relevant","Not relevant","Relevant","Not relevant","Not relevant","Relevant","Relevant","Relevant","Relevant","Not relevant","Not relevant","Relevant","Not relevant","Very Relevant","Relevant","Very Relevant","Not relevant","Very Relevant","Relevant","Not relevant","Relevant","Not relevant","Not relevant","Very Relevant","Very Relevant","Not relevant","4","4",""
"2021/03/25 3:43:31 PM EET","Yes","No","Very Relevant","Not relevant","Very Relevant","Not relevant","Very Relevant","Relevant","Not relevant","Very Relevant","Not relevant","Relevant","Not relevant","Relevant","Not relevant","Relevant","Not relevant","Relevant","Relevant","Relevant","Very Relevant","Not relevant","Not relevant","Relevant","Relevant","Not relevant","Not relevant","Very Relevant","Not relevant","Very Relevant","Not relevant","Very Relevant","Very Relevant","Not relevant","Relevant","Very Relevant","Not relevant","Not relevant","Very Relevant","Not relevant","Not relevant","Very Relevant","Relevant","Not relevant","4","5",""
"2021/03/25 3:46:12 PM EET","No","No","Very Relevant","Not relevant","Very Relevant","Not relevant","Very Relevant","Not relevant","Not relevant","Very Relevant","Not relevant","Very Relevant","Not relevant","Very Relevant","Very Relevant","Not relevant","Not relevant","Very Relevant","Very Relevant","Not relevant","Very Relevant","Not relevant","Not relevant","Very Relevant","Very Relevant","Not relevant","Not relevant","Very Relevant","Not relevant","Very Relevant","Not relevant","Very Relevant","Relevant","Not relevant","Not relevant","Very Relevant","Very Relevant","Not relevant","Very Relevant","Not relevant","Not relevant","Relevant","Very Relevant","Not relevant","4","3",""
"2021/03/25 3:50:20 PM EET","Yes","No","Relevant","Not relevant","Relevant","Not relevant","Very Relevant","Not relevant","Not relevant","Very Relevant","Not relevant","Relevant","Not relevant","Relevant","Very Relevant","Not relevant","Not relevant","Relevant","Relevant","Not relevant","Relevant","Not relevant","Not relevant","Very Relevant","Very Relevant","Not relevant","Not relevant","Relevant","Not relevant","Very Relevant","Not relevant","Very Relevant","Very Relevant","Not relevant","Not relevant","Very Relevant","Relevant","Not relevant","Relevant","Not relevant","Not relevant","Relevant","Relevant","Not relevant","5","5",""
"2021/03/25 3:50:54 PM EET","Yes","No","Relevant","Not relevant","Relevant","Not relevant","Relevant","Not relevant","Not relevant","Relevant","Not relevant","Relevant","Not relevant","Relevant","Relevant","Not relevant","Not relevant","Relevant","Relevant","Not relevant","Relevant","Not relevant","Not relevant","Relevant","Relevant","Not relevant","Not relevant","Relevant","Not relevant","Relevant","Not relevant","Relevant","Relevant","Not relevant","Not relevant","Relevant","Relevant","Not relevant","Relevant","Not relevant","Not relevant","Relevant","Relevant","Not relevant","3","3",""
"2021/03/25 3:55:43 PM EET","Yes","No","Very Relevant","Not relevant","Very Relevant","Relevant","Very Relevant","Not relevant","Not relevant","Very Relevant","Not relevant","Very Relevant","Not relevant","Very Relevant","Very Relevant","Not relevant","Not relevant","Very Relevant","Very Relevant","Not relevant","Very Relevant","Not relevant","Not relevant","Very Relevant","Very Relevant","Not relevant","Not relevant","Very Relevant","Very Relevant","Not relevant","Not relevant","Very Relevant","Very Relevant","Not relevant","Not relevant","Very Relevant","Very Relevant","Not relevant","Very Relevant","Not relevant","Not relevant","Very Relevant","Very Relevant","Not relevant","5","5",""
"2021/03/25 4:05:26 PM EET","Yes","No","Relevant","Not relevant","Very Relevant","Not relevant","Very Relevant","Not relevant","Not relevant","Very Relevant","Not relevant","Very Relevant","Not relevant","Very Relevant","Very Relevant","Not relevant","Not relevant","Very Relevant","Very Relevant","Not relevant","Very Relevant","Not relevant","Not relevant","Very Relevant","Relevant","Relevant","Not relevant","Very Relevant","Not relevant","Very Relevant","Not relevant","Very Relevant","Very Relevant","Not relevant","Not relevant","Very Relevant","Very Relevant","Not relevant","Very Relevant","Not relevant","Not relevant","Very Relevant","Relevant","Not relevant","4","4",""
"2021/03/25 4:05:31 PM EET","Yes","No","Relevant","Not relevant","Very Relevant","Not relevant","Relevant","Not relevant","Very Relevant","Not relevant","Not relevant","Very Relevant","Not relevant","Very Relevant","Relevant","Not relevant","Not relevant","Very Relevant","Relevant","Not relevant","Very Relevant","Not relevant","Not relevant","Very Relevant","Very Relevant","Not relevant","Not relevant","Relevant","Not relevant","Relevant","Relevant","Very Relevant","Very Relevant","Relevant","Relevant","Very Relevant","Very Relevant","Not relevant","Very Relevant","Not relevant","Not relevant","Relevant","Relevant","Not relevant","3","3","Tasks could have a little more explanation about the actual difference between ""Very relevant"" and ""Relevant"""
"2021/03/25 4:14:33 PM EET","No","No","Very Relevant","Very Relevant","Very Relevant","Very Relevant","Very Relevant","Very Relevant","Very Relevant","Very Relevant","Very Relevant","Very Relevant","Relevant","Relevant","Relevant","Relevant","Very Relevant","Relevant","Very Relevant","Very Relevant","Very Relevant","Relevant","Relevant","Very Relevant","Relevant","Very Relevant","Relevant","Very Relevant","Relevant","Relevant","Relevant","Relevant","Relevant","Relevant","Relevant","Very Relevant","Relevant","Relevant","Relevant","Relevant","Relevant","Relevant","Very Relevant","Very Relevant","4","3",""
"2021/03/25 4:38:06 PM EET","Yes","No","Relevant","Not relevant","Very Relevant","Not relevant","Very Relevant","Not relevant","Not relevant","Relevant","Not relevant","Relevant","Not relevant","Relevant","Relevant","Not relevant","Not relevant","Relevant","Relevant","Not relevant","Relevant","Not relevant","Not relevant","Relevant","Relevant","Not relevant","Not relevant","Relevant","Not relevant","Not relevant","Not relevant","Very Relevant","Relevant","Not relevant","Not relevant","Relevant","Relevant","Not relevant","Relevant","Not relevant","Not relevant","Very Relevant","Relevant","Not relevant","3","3","Good Luck nerds!"
"2021/03/25 4:53:05 PM EET","Yes","No","Very Relevant","Not relevant","Very Relevant","Not relevant","Very Relevant","Not relevant","Not relevant","Very Relevant","Not relevant","Very Relevant","Not relevant","Very Relevant","Very Relevant","Not relevant","Very Relevant","Not relevant","Very Relevant","Not relevant","Very Relevant","Not relevant","Not relevant","Very Relevant","Very Relevant","Not relevant","Not relevant","Very Relevant","Not relevant","Very Relevant","Not relevant","Very Relevant","Very Relevant","Not relevant","Not relevant","Very Relevant","Very Relevant","Not relevant","Very Relevant","Not relevant","Not relevant","Relevant","Relevant","Not relevant","5","5","I've encountered a duplicate question. The one regarding business and starting with : ""fed rate hikes expected to continueâ€¦"""
"2021/03/25 5:00:04 PM EET","No","Yes","Very Relevant","Not relevant","Very Relevant","Not relevant","Very Relevant","Not relevant","Not relevant","Very Relevant","Not relevant","Very Relevant","Not relevant","Very Relevant","Very Relevant","Not relevant","Not relevant","Relevant","Very Relevant","Not relevant","Very Relevant","Not relevant","Not relevant","Very Relevant","Very Relevant","Not relevant","Not relevant","Very Relevant","Not relevant","Very Relevant","Not relevant","Very Relevant","Very Relevant","Not relevant","Not relevant","Very Relevant","Very Relevant","Relevant","Very Relevant","Not relevant","Not relevant","Very Relevant","Very Relevant","Not relevant","5","5",""
"2021/03/25 5:09:55 PM EET","Yes","Yes","Relevant","Not relevant","Very Relevant","Not relevant","Very Relevant","Not relevant","Not relevant","Very Relevant","Not relevant","Very Relevant","Not relevant","Very Relevant","Very Relevant","Not relevant","Not relevant","Very Relevant","Very Relevant","Not relevant","Very Relevant","Not relevant","Not relevant","Very Relevant","Relevant","Not relevant","Not relevant","Very Relevant","Relevant","Not relevant","Very Relevant","Very Relevant","Very Relevant","Not relevant","Not relevant","Very Relevant","Very Relevant","Not relevant","Very Relevant","Not relevant","Not relevant","Relevant","Relevant","Not relevant","4","4",""
"2021/03/25 5:33:18 PM EET","Yes","No","Relevant","Not relevant","Relevant","Relevant","Very Relevant","Not relevant","Not relevant","Very Relevant","Not relevant","Very Relevant","Not relevant","Very Relevant","Relevant","Not relevant","Not relevant","Very Relevant","Relevant","Not relevant","Relevant","Not relevant","Not relevant","Relevant","Very Relevant","Relevant","Not relevant","Very Relevant","Relevant","Relevant","Not relevant","Very Relevant","Very Relevant","Not relevant","Not relevant","Very Relevant","Relevant","Not relevant","Very Relevant","Not relevant","Not relevant","Very Relevant","Relevant","Not relevant","5","4",""
"2021/03/25 5:34:38 PM EET","Yes","Yes","Relevant","Not relevant","Relevant","Not relevant","Very Relevant","Not relevant","Not relevant","Relevant","Not relevant","Relevant","Not relevant","Relevant","Relevant","Not relevant","Not relevant","Relevant","Relevant","Relevant","Very Relevant","Not relevant","Not relevant","Very Relevant","Very Relevant","Not relevant","Not relevant","Relevant","Not relevant","Relevant","Not relevant","Very Relevant","Very Relevant","Relevant","Not relevant","Very Relevant","Very Relevant","Relevant","Very Relevant","Not relevant","Not relevant","Relevant","Very Relevant","Not relevant","5","2",""
"2021/03/25 5:37:26 PM EET","Yes","Yes","Very Relevant","Not relevant","Relevant","Not relevant","Very Relevant","Not relevant","Not relevant","Very Relevant","Not relevant","Very Relevant","Not relevant","Very Relevant","Very Relevant","Not relevant","Not relevant","Relevant","Very Relevant","Relevant","Very Relevant","Relevant","Relevant","Very Relevant","Very Relevant","Not relevant","Not relevant","Very Relevant","Not relevant","Relevant","Not relevant","Very Relevant","Very Relevant","Not relevant","Not relevant","Very Relevant","Very Relevant","Not relevant","Relevant","Not relevant","Not relevant","Very Relevant","Relevant","Not relevant","4","4",""
"2021/03/25 5:38:50 PM EET","Yes","No","Very Relevant","Not relevant","Very Relevant","Not relevant","Very Relevant","Not relevant","Not relevant","Very Relevant","Not relevant","Very Relevant","Not relevant","Very Relevant","Very Relevant","Not relevant","Very Relevant","Not relevant","Very Relevant","Not relevant","Very Relevant","Not relevant","Not relevant","Very Relevant","Very Relevant","Not relevant","Not relevant","Very Relevant","Very Relevant","Not relevant","Not relevant","Very Relevant","Very Relevant","Not relevant","Not relevant","Very Relevant","Very Relevant","Very Relevant","Very Relevant","Relevant","Relevant","Not relevant","Very Relevant","Not relevant","3","4",""
"2021/03/25 5:45:27 PM EET","Yes","No","Relevant","Not relevant","Very Relevant","Not relevant","Relevant","Not relevant","Not relevant","Very Relevant","Not relevant","Very Relevant","Not relevant","Very Relevant","Very Relevant","Not relevant","Not relevant","Very Relevant","Very Relevant","Not relevant","Relevant","Not relevant","Not relevant","Very Relevant","Very Relevant","Not relevant","Not relevant","Very Relevant","Not relevant","Very Relevant","Not relevant","Very Relevant","Very Relevant","Not relevant","Not relevant","Very Relevant","Very Relevant","Not relevant","Very Relevant","Not relevant","Not relevant","Very Relevant","Very Relevant","Not relevant","4","4","Sometimes it could be ambigous for the reader to have an exemple with two options (relevant or not) and then questions with 3 of them. "
"2021/03/25 5:46:57 PM EET","Yes","Yes","Very Relevant","Not relevant","Very Relevant","Relevant","Very Relevant","Not relevant","Not relevant","Very Relevant","Not relevant","Very Relevant","Not relevant","Very Relevant","Very Relevant","Not relevant","Relevant","Very Relevant","Very Relevant","Not relevant","Very Relevant","Not relevant","Not relevant","Very Relevant","Relevant","Not relevant","Not relevant","Very Relevant","Relevant","Not relevant","Very Relevant","Relevant","Relevant","Not relevant","Relevant","Very Relevant","Very Relevant","Not relevant","Relevant","Not relevant","Not relevant","Relevant","Very Relevant","Not relevant","4","4",""
"2021/03/25 5:58:18 PM EET","No","No","Relevant","Not relevant","Not relevant","Very Relevant","Very Relevant","Relevant","Not relevant","Relevant","Not relevant","Not relevant","Not relevant","Relevant","Very Relevant","Relevant","Relevant","Very Relevant","Not relevant","Very Relevant","Relevant","Not relevant","Not relevant","Relevant","Not relevant","Very Relevant","Very Relevant","Not relevant","Not relevant","Very Relevant","Not relevant","Very Relevant","Relevant","Not relevant","Not relevant","Relevant","Very Relevant","Relevant","Not relevant","Relevant","Relevant","Very Relevant","Relevant","Not relevant","4","4",""
"2021/03/25 6:08:30 PM EET","Yes","Yes","Relevant","Not relevant","Relevant","Not relevant","Relevant","Not relevant","Not relevant","Relevant","Not relevant","Relevant","Not relevant","Relevant","Relevant","Not relevant","Not relevant","Relevant","Relevant","Not relevant","Relevant","Not relevant","Not relevant","Relevant","Relevant","Not relevant","Not relevant","Relevant","Not relevant","Very Relevant","Not relevant","Very Relevant","Very Relevant","Not relevant","Not relevant","Very Relevant","Relevant","Not relevant","Very Relevant","Not relevant","Not relevant","Relevant","Relevant","Not relevant","5","5",""
"2021/03/25 6:17:25 PM EET","Yes","No","Relevant","Not relevant","Very Relevant","Not relevant","Relevant","Not relevant","Not relevant","Very Relevant","Not relevant","Very Relevant","Not relevant","Very Relevant","Relevant","Not relevant","Not relevant","Relevant","Very Relevant","Not relevant","Very Relevant","Not relevant","Not relevant","Very Relevant","Very Relevant","Not relevant","Not relevant","Very Relevant","Not relevant","Very Relevant","Not relevant","Very Relevant","Very Relevant","Relevant","Not relevant","Very Relevant","Relevant","Not relevant","Very Relevant","Not relevant","Not relevant","Very Relevant","Very Relevant","Not relevant","5","4",""
"2021/03/25 6:40:26 PM EET","No","No","Relevant","Not relevant","Very Relevant","Not relevant","Not relevant","Not relevant","Not relevant","Very Relevant","Not relevant","Very Relevant","Not relevant","Very Relevant","Very Relevant","Not relevant","Not relevant","Relevant","Relevant","Not relevant","Very Relevant","Not relevant","Not relevant","Very Relevant","Very Relevant","Not relevant","Not relevant","Very Relevant","Not relevant","Relevant","Not relevant","Very Relevant","Relevant","Not relevant","Not relevant","Very Relevant","Not relevant","Not relevant","Very Relevant","Not relevant","Not relevant","Relevant","Relevant","Not relevant","4","5",""
"2021/03/25 6:41:32 PM EET","Yes","No","Very Relevant","Not relevant","Very Relevant","Not relevant","Relevant","Not relevant","Not relevant","Very Relevant","Not relevant","Relevant","Not relevant","Relevant","Very Relevant","Not relevant","Not relevant","Very Relevant","Very Relevant","Not relevant","Very Relevant","Not relevant","Not relevant","Very Relevant","Very Relevant","Not relevant","Not relevant","Very Relevant","Not relevant","Very Relevant","Not relevant","Very Relevant","Very Relevant","Not relevant","Not relevant","Very Relevant","Very Relevant","Not relevant","Relevant","Not relevant","Not relevant","Very Relevant","Very Relevant","Not relevant","5","4",""
"2021/03/25 6:42:06 PM EET","Yes","Yes","Relevant","Not relevant","Very Relevant","Not relevant","Very Relevant","Not relevant","Not relevant","Very Relevant","Not relevant","Relevant","Not relevant","Relevant","Very Relevant","Not relevant","Not relevant","Very Relevant","Very Relevant","Not relevant","Relevant","Not relevant","Not relevant","Very Relevant","Very Relevant","Not relevant","Not relevant","Very Relevant","Relevant","Very Relevant","Not relevant","Very Relevant","Very Relevant","Relevant","Not relevant","Very Relevant","Very Relevant","Relevant","Very Relevant","Relevant","Not relevant","Relevant","Very Relevant","Not relevant","5","4",""
"2021/03/25 6:46:32 PM EET","Yes","Yes","Very Relevant","Not relevant","Very Relevant","Not relevant","Very Relevant","Not relevant","Not relevant","Very Relevant","Not relevant","Relevant","Not relevant","Relevant","Very Relevant","Not relevant","Relevant","Relevant","Very Relevant","Not relevant","Very Relevant","Not relevant","Not relevant","Very Relevant","Very Relevant","Not relevant","Not relevant","Very Relevant","Not relevant","Not relevant","Not relevant","Very Relevant","Very Relevant","Not relevant","Not relevant","Very Relevant","Not relevant","Not relevant","Very Relevant","Not relevant","Not relevant","Very Relevant","Very Relevant","Not relevant","4","4",""
"2021/03/25 6:46:44 PM EET","No","No","Very Relevant","Not relevant","Very Relevant","Relevant","Not relevant","Relevant","Not relevant","Very Relevant","Not relevant","Relevant","Not relevant","Relevant","Very Relevant","Not relevant","Relevant","Relevant","Relevant","Not relevant","Very Relevant","Not relevant","Not relevant","Very Relevant","Not relevant","Relevant","Very Relevant","Not relevant","Not relevant","Very Relevant","Not relevant","Very Relevant","Relevant","Not relevant","Not relevant","Very Relevant","Not relevant","Not relevant","Relevant","Not relevant","Not relevant","Very Relevant","Not relevant","Not relevant","4","3",""
"2021/03/25 6:47:55 PM EET","No","No","Very Relevant","Not relevant","Very Relevant","Not relevant","Very Relevant","Relevant","Not relevant","Very Relevant","Not relevant","Very Relevant","Not relevant","Very Relevant","Very Relevant","Not relevant","Not relevant","Very Relevant","Very Relevant","Not relevant","Very Relevant","Not relevant","Relevant","Very Relevant","Very Relevant","Not relevant","Not relevant","Very Relevant","Not relevant","Not relevant","Not relevant","Very Relevant","Very Relevant","Not relevant","Not relevant","Very Relevant","Very Relevant","Not relevant","Very Relevant","Not relevant","Not relevant","Very Relevant","Relevant","Not relevant","5","5",""
"2021/03/25 6:52:44 PM EET","Yes","No","Very Relevant","Not relevant","Not relevant","Not relevant","Not relevant","Relevant","Not relevant","Very Relevant","Not relevant","Relevant","Not relevant","Relevant","Very Relevant","Not relevant","Not relevant","Relevant","Very Relevant","Not relevant","Very Relevant","Not relevant","Not relevant","Very Relevant","Very Relevant","Not relevant","Very Relevant","Not relevant","Not relevant","Very Relevant","Not relevant","Very Relevant","Very Relevant","Relevant","Not relevant","Very Relevant","Very Relevant","Not relevant","Very Relevant","Not relevant","Not relevant","Relevant","Very Relevant","Not relevant","4","5",""
"2021/03/25 7:07:53 PM EET","Yes","No","Very Relevant","Not relevant","Very Relevant","Not relevant","Very Relevant","Not relevant","Not relevant","Very Relevant","Not relevant","Very Relevant","Not relevant","Very Relevant","Very Relevant","Not relevant","Not relevant","Very Relevant","Relevant","Not relevant","Relevant","Not relevant","Not relevant","Very Relevant","Very Relevant","Not relevant","Not relevant","Relevant","Not relevant","Relevant","Not relevant","Very Relevant","Very Relevant","Not relevant","Not relevant","Very Relevant","Very Relevant","Not relevant","Relevant","Relevant","Not relevant","Relevant","Very Relevant","Not relevant","5","5","I think that there is a repetition in page 2/4
The question start with ""fed rate hikes expected to continue this week and most of next ...."" and in both cases there is the same predicted class with the same probability and also the same highlighted words by T-EBAnO (at least in my survey)

I given my answers evaluating the relevance of the highlighted words but I didn't take into account if T-EBAnO skipped some key words

I hope that you will find useful result
Best regards"
"2021/03/25 7:11:16 PM EET","Yes","No","Relevant","Not relevant","Very Relevant","Not relevant","Very Relevant","Not relevant","Not relevant","Very Relevant","Not relevant","Very Relevant","Not relevant","Very Relevant","Very Relevant","Not relevant","Relevant","Very Relevant","Very Relevant","Not relevant","Very Relevant","Not relevant","Relevant","Very Relevant","Very Relevant","Not relevant","Not relevant","Very Relevant","Not relevant","Very Relevant","Not relevant","Very Relevant","Very Relevant","Not relevant","Not relevant","Very Relevant","Very Relevant","Not relevant","Relevant","Not relevant","Not relevant","Very Relevant","Relevant","Not relevant","4","4",""
"2021/03/25 7:11:58 PM EET","No","No","Relevant","Not relevant","Relevant","Very Relevant","Very Relevant","Not relevant","Relevant","Relevant","Very Relevant","Relevant","Relevant","Relevant","Very Relevant","Very Relevant","Very Relevant","Relevant","Relevant","Relevant","Relevant","Not relevant","Relevant","Very Relevant","Relevant","Not relevant","Very Relevant","Very Relevant","Not relevant","Relevant","Relevant","Relevant","Very Relevant","Relevant","Relevant","Relevant","Relevant","Relevant","Relevant","Not relevant","Relevant","Very Relevant","Very Relevant","Relevant","3","2",""
"2021/03/25 7:34:57 PM EET","Yes","No","Relevant","Very Relevant","Very Relevant","Relevant","Relevant","Very Relevant","Relevant","Very Relevant","Very Relevant","Not relevant","Very Relevant","Very Relevant","Very Relevant","Not relevant","Very Relevant","Very Relevant","Not relevant","Relevant","Very Relevant","Not relevant","Not relevant","Very Relevant","Not relevant","Relevant","Very Relevant","Not relevant","Relevant","Very Relevant","Relevant","Not relevant","Not relevant","Not relevant","Not relevant","Very Relevant","Very Relevant","Relevant","Not relevant","Relevant","Very Relevant","Very Relevant","Very Relevant","Not relevant","2","3",""
"2021/03/25 7:43:37 PM EET","Yes","No","Relevant","Not relevant","Very Relevant","Not relevant","Very Relevant","Relevant","Not relevant","Very Relevant","Not relevant","Very Relevant","Not relevant","Very Relevant","Very Relevant","Not relevant","Not relevant","Very Relevant","Very Relevant","Relevant","Very Relevant","Not relevant","Not relevant","Very Relevant","Very Relevant","Not relevant","Not relevant","Very Relevant","Relevant","Relevant","Not relevant","Very Relevant","Very Relevant","Not relevant","Not relevant","Very Relevant","Relevant","Not relevant","Relevant","Not relevant","Not relevant","Relevant","Very Relevant","Not relevant","5","3",""
"2021/03/25 7:45:33 PM EET","Yes","No","Relevant","Not relevant","Very Relevant","Not relevant","Relevant","Not relevant","Not relevant","Very Relevant","Not relevant","Very Relevant","Not relevant","Very Relevant","Very Relevant","Not relevant","Not relevant","Relevant","Very Relevant","Not relevant","Very Relevant","Not relevant","Not relevant","Very Relevant","Relevant","Not relevant","Not relevant","Relevant","Not relevant","Relevant","Not relevant","Very Relevant","Very Relevant","Not relevant","Not relevant","Very Relevant","Not relevant","Not relevant","Very Relevant","Not relevant","Not relevant","Relevant","Relevant","Not relevant","5","5",""
"2021/03/25 7:49:31 PM EET","No","No","Relevant","Not relevant","Very Relevant","Not relevant","Relevant","Not relevant","Not relevant","Very Relevant","Not relevant","Very Relevant","Not relevant","Very Relevant","Very Relevant","Not relevant","Not relevant","Very Relevant","Very Relevant","Not relevant","Very Relevant","Not relevant","Relevant","Very Relevant","Very Relevant","Not relevant","Not relevant","Relevant","Relevant","Very Relevant","Not relevant","Relevant","Relevant","Not relevant","Relevant","Very Relevant","Very Relevant","Relevant","Relevant","Relevant","Not relevant","Relevant","Relevant","Not relevant","2","4",""
"2021/03/25 7:52:22 PM EET","Yes","No","Not relevant","Not relevant","Very Relevant","Not relevant","Relevant","Not relevant","Not relevant","Very Relevant","Not relevant","Very Relevant","Not relevant","Very Relevant","Very Relevant","Not relevant","Not relevant","Very Relevant","Relevant","Not relevant","Very Relevant","Not relevant","Not relevant","Very Relevant","Very Relevant","Not relevant","Not relevant","Very Relevant","Not relevant","Relevant","Not relevant","Very Relevant","Very Relevant","Not relevant","Not relevant","Very Relevant","Relevant","Not relevant","Very Relevant","Not relevant","Not relevant","Relevant","Very Relevant","Not relevant","4","4",""
"2021/03/25 7:58:31 PM EET","Yes","No","Very Relevant","Not relevant","Very Relevant","Not relevant","Very Relevant","Not relevant","Not relevant","Very Relevant","Not relevant","Relevant","Not relevant","Relevant","Very Relevant","Not relevant","Not relevant","Very Relevant","Very Relevant","Not relevant","Very Relevant","Not relevant","Not relevant","Very Relevant","Very Relevant","Not relevant","Not relevant","Very Relevant","Not relevant","Very Relevant","Not relevant","Very Relevant","Very Relevant","Not relevant","Not relevant","Very Relevant","Very Relevant","Not relevant","Very Relevant","Not relevant","Not relevant","Very Relevant","Very Relevant","Not relevant","5","5",""
"2021/03/25 7:59:47 PM EET","Yes","No","Relevant","Not relevant","Relevant","Not relevant","Relevant","Not relevant","Not relevant","Relevant","Not relevant","Relevant","Not relevant","Relevant","Relevant","Not relevant","Not relevant","Relevant","Relevant","Not relevant","Very Relevant","Not relevant","Not relevant","Relevant","Relevant","Not relevant","Not relevant","Relevant","Not relevant","Not relevant","Relevant","Not relevant","Not relevant","Not relevant","Not relevant","Relevant","Relevant","Not relevant","Relevant","Not relevant","Not relevant","Not relevant","Relevant","Not relevant","4","4"," Especially with the comments, you cannot tell of it toxic or not based on the words present alone  without context, it is what youtube's algorithm is doing and it's just not good enough"
"2021/03/25 8:31:12 PM EET","No","No","Relevant","Not relevant","Relevant","Not relevant","Very Relevant","Not relevant","Not relevant","Very Relevant","Not relevant","Very Relevant","Not relevant","Very Relevant","Very Relevant","Not relevant","Not relevant","Relevant","Very Relevant","Not relevant","Very Relevant","Not relevant","Not relevant","Relevant","Very Relevant","Relevant","Not relevant","Very Relevant","Not relevant","Very Relevant","Not relevant","Very Relevant","Very Relevant","Not relevant","Not relevant","Very Relevant","Very Relevant","Relevant","Very Relevant","Not relevant","Not relevant","Very Relevant","Relevant","Not relevant","4","4",""
"2021/03/25 8:50:19 PM EET","Yes","No","Relevant","Not relevant","Very Relevant","Not relevant","Relevant","Not relevant","Not relevant","Very Relevant","Not relevant","Very Relevant","Not relevant","Very Relevant","Very Relevant","Not relevant","Not relevant","Very Relevant","Very Relevant","Not relevant","Very Relevant","Not relevant","Not relevant","Very Relevant","Very Relevant","Not relevant","Not relevant","Very Relevant","Not relevant","Very Relevant","Relevant","Very Relevant","Very Relevant","Not relevant","Not relevant","Very Relevant","Very Relevant","Not relevant","Very Relevant","Not relevant","Not relevant","Very Relevant","Very Relevant","Not relevant","5","5","There was a question that was repeated twice"
"2021/03/25 8:58:32 PM EET","Yes","No","Very Relevant","Not relevant","Relevant","Not relevant","Very Relevant","Not relevant","Not relevant","Very Relevant","Not relevant","Very Relevant","Not relevant","Very Relevant","Very Relevant","Not relevant","Not relevant","Very Relevant","Very Relevant","Not relevant","Very Relevant","Not relevant","Not relevant","Very Relevant","Very Relevant","Not relevant","Not relevant","Very Relevant","Not relevant","Relevant","Not relevant","Relevant","Relevant","Not relevant","Not relevant","Very Relevant","Relevant","Not relevant","Relevant","Not relevant","Not relevant","Relevant","Not relevant","Relevant","5","4",""
"2021/03/25 9:10:13 PM EET","Yes","Yes","Relevant","Not relevant","Very Relevant","Not relevant","Very Relevant","Not relevant","Not relevant","Very Relevant","Not relevant","Very Relevant","Not relevant","Very Relevant","Very Relevant","Not relevant","Not relevant","Very Relevant","Very Relevant","Not relevant","Very Relevant","Not relevant","Not relevant","Very Relevant","Very Relevant","Not relevant","Not relevant","Very Relevant","Not relevant","Relevant","Not relevant","Very Relevant","Very Relevant","Relevant","Not relevant","Very Relevant","Very Relevant","Not relevant","Very Relevant","Not relevant","Not relevant","Very Relevant","Relevant","Not relevant","4","5",""
"2021/03/25 9:38:41 PM EET","Yes","No","Very Relevant","Not relevant","Not relevant","Not relevant","Very Relevant","Not relevant","Not relevant","Relevant","Not relevant","Not relevant","Not relevant","Not relevant","Very Relevant","Not relevant","Not relevant","Relevant","Very Relevant","Not relevant","Not relevant","Not relevant","Not relevant","Very Relevant","Very Relevant","Not relevant","Not relevant","Relevant","Not relevant","Not relevant","Not relevant","Very Relevant","Relevant","Not relevant","Not relevant","Very Relevant","Relevant","Not relevant","Relevant","Not relevant","Not relevant","Relevant","Relevant","Not relevant","4","5",""
"2021/03/25 9:55:14 PM EET","Yes","No","Very Relevant","Not relevant","Very Relevant","Not relevant","Very Relevant","Not relevant","Not relevant","Very Relevant","Not relevant","Very Relevant","Not relevant","Very Relevant","Very Relevant","Not relevant","Not relevant","Very Relevant","Very Relevant","Not relevant","Very Relevant","Not relevant","Not relevant","Very Relevant","Very Relevant","Not relevant","Not relevant","Very Relevant","Not relevant","Very Relevant","Not relevant","Very Relevant","Very Relevant","Not relevant","Not relevant","Very Relevant","Relevant","Not relevant","Relevant","Not relevant","Not relevant","Very Relevant","Relevant","Not relevant","4","4",""
"2021/03/25 10:12:50 PM EET","No","No","Relevant","Not relevant","Very Relevant","Relevant","Very Relevant","Not relevant","Relevant","Very Relevant","Relevant","Very Relevant","Relevant","Very Relevant","Relevant","Not relevant","Not relevant","Very Relevant","Very Relevant","Not relevant","Very Relevant","Not relevant","Not relevant","Very Relevant","Very Relevant","Not relevant","Relevant","Very Relevant","Not relevant","Very Relevant","Not relevant","Very Relevant","Very Relevant","Relevant","Not relevant","Very Relevant","Relevant","Relevant","Very Relevant","Not relevant","Not relevant","Very Relevant","Very Relevant","Not relevant","4","4","I didn't unterstand very well the kind of words belonging to the toxic class at page 3"
"2021/03/25 10:41:41 PM EET","Yes","No","Very Relevant","Not relevant","Very Relevant","Not relevant","Relevant","Relevant","Not relevant","Very Relevant","Not relevant","Very Relevant","Not relevant","Very Relevant","Very Relevant","Not relevant","Relevant","Very Relevant","Very Relevant","Very Relevant","Very Relevant","Not relevant","Relevant","Very Relevant","Very Relevant","Relevant","Very Relevant","Very Relevant","Very Relevant","Very Relevant","Relevant","Very Relevant","Very Relevant","Not relevant","Relevant","Very Relevant","Very Relevant","Very Relevant","Very Relevant","Very Relevant","Relevant","Very Relevant","Very Relevant","Not relevant","4","4",""
"2021/03/25 10:43:10 PM EET","Yes","No","Relevant","Not relevant","Very Relevant","Not relevant","Relevant","Not relevant","Not relevant","Very Relevant","Not relevant","Relevant","Not relevant","Relevant","Very Relevant","Not relevant","Not relevant","Very Relevant","Relevant","Not relevant","Very Relevant","Not relevant","Not relevant","Very Relevant","Relevant","Not relevant","Not relevant","Relevant","Not relevant","Very Relevant","Not relevant","Relevant","Relevant","Not relevant","Not relevant","Very Relevant","Relevant","Not relevant","Relevant","Not relevant","Not relevant","Relevant","Not relevant","Not relevant","3","4",""
"2021/03/25 10:43:24 PM EET","Yes","No","Not relevant","Not relevant","Relevant","Not relevant","Relevant","Not relevant","Not relevant","Very Relevant","Relevant","Relevant","Relevant","Relevant","Very Relevant","Not relevant","Not relevant","Very Relevant","Very Relevant","Not relevant","Relevant","Not relevant","Relevant","Relevant","Very Relevant","Not relevant","Not relevant","Very Relevant","Relevant","Very Relevant","Not relevant","Not relevant","Not relevant","Relevant","Very Relevant","Relevant","Very Relevant","Not relevant","Relevant","Relevant","Not relevant","Not relevant","Not relevant","Not relevant","3","3",""
"2021/03/25 10:48:58 PM EET","No","No","Relevant","Not relevant","Very Relevant","Not relevant","Relevant","Not relevant","Not relevant","Very Relevant","Not relevant","Very Relevant","Not relevant","Very Relevant","Very Relevant","Not relevant","Not relevant","Very Relevant","Very Relevant","Not relevant","Very Relevant","Not relevant","Not relevant","Very Relevant","Very Relevant","Not relevant","Not relevant","Very Relevant","Not relevant","Very Relevant","Not relevant","Very Relevant","Very Relevant","Not relevant","Not relevant","Very Relevant","Very Relevant","Not relevant","Very Relevant","Not relevant","Not relevant","Very Relevant","Very Relevant","Not relevant","5","4",""
"2021/03/25 11:45:21 PM EET","No","No","Relevant","Relevant","Relevant","Not relevant","Relevant","Not relevant","Very Relevant","Relevant","Not relevant","Not relevant","Not relevant","Very Relevant","Very Relevant","Not relevant","Not relevant","Relevant","Relevant","Not relevant","Relevant","Not relevant","Not relevant","Relevant","Not relevant","Relevant","Relevant","Not relevant","Not relevant","Relevant","Relevant","Not relevant","Not relevant","Relevant","Relevant","Not relevant","Relevant","Relevant","Not relevant","Not relevant","Not relevant","Not relevant","Relevant","Not relevant","4","4",""
"2021/03/25 11:57:13 PM EET","No","Yes","Very Relevant","Not relevant","Very Relevant","Not relevant","Very Relevant","Not relevant","Not relevant","Very Relevant","Not relevant","Very Relevant","Not relevant","Very Relevant","Very Relevant","Not relevant","Not relevant","Relevant","Very Relevant","Not relevant","Relevant","Not relevant","Not relevant","Very Relevant","Very Relevant","Not relevant","Not relevant","Very Relevant","Not relevant","Very Relevant","Not relevant","Relevant","Relevant","Relevant","Not relevant","Very Relevant","Relevant","Not relevant","Very Relevant","Not relevant","Not relevant","Very Relevant","Relevant","Not relevant","5","4",""
"2021/03/26 12:14:01 AM EET","Yes","No","Relevant","Not relevant","Very Relevant","Not relevant","Not relevant","Not relevant","Not relevant","Very Relevant","Not relevant","Very Relevant","Not relevant","Very Relevant","Very Relevant","Not relevant","Not relevant","Very Relevant","Very Relevant","Not relevant","Very Relevant","Not relevant","Not relevant","Very Relevant","Very Relevant","Not relevant","Not relevant","Very Relevant","Not relevant","Very Relevant","Not relevant","Very Relevant","Very Relevant","Not relevant","Not relevant","Very Relevant","Very Relevant","Not relevant","Not relevant","Very Relevant","Not relevant","Very Relevant","Very Relevant","Not relevant","5","5",""
"2021/03/26 12:31:03 AM EET","No","No","Relevant","Not relevant","Relevant","Not relevant","Relevant","Not relevant","Not relevant","Relevant","Not relevant","Relevant","Not relevant","Relevant","Relevant","Not relevant","Not relevant","Relevant","Relevant","Not relevant","Relevant","Not relevant","Not relevant","Relevant","Relevant","Not relevant","Not relevant","Relevant","Not relevant","Relevant","Not relevant","Relevant","Relevant","Not relevant","Not relevant","Relevant","Relevant","Not relevant","Relevant","Not relevant","Not relevant","Relevant","Relevant","Not relevant","4","4",""
"2021/03/26 1:14:08 AM EET","Yes","No","Relevant","Not relevant","Very Relevant","Not relevant","Relevant","Not relevant","Not relevant","Very Relevant","Not relevant","Very Relevant","Not relevant","Very Relevant","Very Relevant","Not relevant","Not relevant","Very Relevant","Very Relevant","Not relevant","Very Relevant","Not relevant","Not relevant","Very Relevant","Very Relevant","Not relevant","Not relevant","Very Relevant","Not relevant","Very Relevant","Not relevant","Very Relevant","Very Relevant","Not relevant","Not relevant","Very Relevant","Relevant","Not relevant","Very Relevant","Not relevant","Not relevant","Very Relevant","Relevant","Not relevant","5","5","The explanations seem to be unusually contradictory. It is almost like they are complements of each other. I fail to understand why the explanations are so contradicting. They should instead explain the selected class to some accuracy at least"
"2021/03/26 2:04:26 AM EET","No","No","Relevant","Relevant","Very Relevant","Not relevant","Relevant","Very Relevant","Relevant","Relevant","Very Relevant","Not relevant","Very Relevant","Relevant","Very Relevant","Very Relevant","Very Relevant","Very Relevant","Very Relevant","Relevant","Not relevant","Very Relevant","Very Relevant","Very Relevant","Very Relevant","Not relevant","Relevant","Very Relevant","Very Relevant","Very Relevant","Very Relevant","Not relevant","Relevant","Very Relevant","Not relevant","Relevant","Not relevant","Not relevant","Very Relevant","Very Relevant","Very Relevant","Relevant","Relevant","Relevant","4","4",""
"2021/03/26 4:14:27 AM EET","No","No","Relevant","Relevant","Relevant","Relevant","Relevant","Relevant","Relevant","Relevant","Relevant","Relevant","Relevant","Relevant","Relevant","Relevant","Relevant","Relevant","Relevant","Relevant","Relevant","Relevant","Relevant","Relevant","Relevant","Relevant","Relevant","Relevant","Relevant","Relevant","Relevant","Relevant","Relevant","Relevant","Relevant","Relevant","Relevant","Relevant","Relevant","Relevant","Relevant","Relevant","Relevant","Relevant","3","3",""
"2021/03/26 6:03:06 AM EET","No","No","Very Relevant","Not relevant","Very Relevant","Not relevant","Relevant","Not relevant","Not relevant","Very Relevant","Not relevant","Very Relevant","Not relevant","Very Relevant","Very Relevant","Not relevant","Not relevant","Very Relevant","Very Relevant","Not relevant","Very Relevant","Not relevant","Not relevant","Very Relevant","Very Relevant","Not relevant","Not relevant","Very Relevant","Relevant","Very Relevant","Not relevant","Very Relevant","Very Relevant","Not relevant","Not relevant","Very Relevant","Relevant","Not relevant","Very Relevant","Not relevant","Not relevant","Very Relevant","Very Relevant","Not relevant","3","4",""
"2021/03/26 10:06:13 AM EET","Yes","No","Very Relevant","Not relevant","Not relevant","Relevant","Relevant","Not relevant","Not relevant","Very Relevant","Not relevant","Relevant","Not relevant","Relevant","Very Relevant","Not relevant","Not relevant","Relevant","Relevant","Not relevant","Relevant","Not relevant","Not relevant","Very Relevant","Relevant","Not relevant","Not relevant","Relevant","Not relevant","Very Relevant","Not relevant","Very Relevant","Very Relevant","Not relevant","Not relevant","Very Relevant","Very Relevant","Relevant","Very Relevant","Not relevant","Relevant","Relevant","Very Relevant","Not relevant","4","5",""
"2021/03/26 10:08:41 AM EET","No","No","Relevant","Not relevant","Very Relevant","Not relevant","Relevant","Not relevant","Not relevant","Very Relevant","Not relevant","Relevant","Not relevant","Relevant","Very Relevant","Not relevant","Not relevant","Very Relevant","Very Relevant","Not relevant","Very Relevant","Not relevant","Not relevant","Relevant","Very Relevant","Not relevant","Not relevant","Relevant","Not relevant","Relevant","Not relevant","Relevant","Very Relevant","Not relevant","Not relevant","Very Relevant","Very Relevant","Not relevant","Not relevant","Not relevant","Very Relevant","Not relevant","Relevant","Not relevant","3","3",""
"2021/03/26 10:09:09 AM EET","Yes","Yes","Relevant","Not relevant","Very Relevant","Not relevant","Relevant","Not relevant","Not relevant","Very Relevant","Not relevant","Relevant","Not relevant","Relevant","Very Relevant","Not relevant","Not relevant","Relevant","Relevant","Not relevant","Relevant","Not relevant","Not relevant","Very Relevant","Very Relevant","Not relevant","Not relevant","Relevant","Not relevant","Relevant","Not relevant","Relevant","Relevant","Not relevant","Not relevant","Very Relevant","Relevant","Not relevant","Relevant","Not relevant","Not relevant","Relevant","Relevant","Not relevant","5","4",""
"2021/03/26 10:20:06 AM EET","No","No","Relevant","Not relevant","Very Relevant","Relevant","Relevant","Relevant","Not relevant","Very Relevant","Not relevant","Very Relevant","Not relevant","Very Relevant","Very Relevant","Not relevant","Not relevant","Very Relevant","Very Relevant","Not relevant","Very Relevant","Relevant","Not relevant","Very Relevant","Very Relevant","Not relevant","Relevant","Very Relevant","Relevant","Relevant","Relevant","Very Relevant","Very Relevant","Relevant","Relevant","Very Relevant","Relevant","Relevant","Relevant","Relevant","Not relevant","Relevant","Relevant","Relevant","5","5",""
"2021/03/26 12:19:39 PM EET","Yes","No","Relevant","Not relevant","Not relevant","Relevant","Relevant","Not relevant","Not relevant","Very Relevant","Not relevant","Relevant","Not relevant","Relevant","Very Relevant","Not relevant","Not relevant","Very Relevant","Relevant","Not relevant","Relevant","Not relevant","Not relevant","Relevant","Relevant","Not relevant","Not relevant","Relevant","Not relevant","Relevant","Not relevant","Very Relevant","Very Relevant","Not relevant","Not relevant","Very Relevant","Relevant","Not relevant","Relevant","Not relevant","Not relevant","Very Relevant","Very Relevant","Not relevant","5","5",""
"2021/03/26 12:44:33 PM EET","No","No","Very Relevant","Not relevant","Relevant","Not relevant","Very Relevant","Not relevant","Not relevant","Very Relevant","Not relevant","Very Relevant","Not relevant","Very Relevant","Very Relevant","Not relevant","Not relevant","Very Relevant","Very Relevant","Not relevant","Very Relevant","Not relevant","Not relevant","Very Relevant","Very Relevant","Not relevant","Not relevant","Very Relevant","Relevant","Very Relevant","Not relevant","Very Relevant","Very Relevant","Not relevant","Relevant","Very Relevant","Very Relevant","Relevant","Very Relevant","Not relevant","Not relevant","Relevant","Very Relevant","Not relevant","5","5",""
"2021/03/26 12:50:04 PM EET","Yes","No","Relevant","Not relevant","Relevant","Not relevant","Relevant","Not relevant","Not relevant","Very Relevant","Not relevant","Very Relevant","Not relevant","Very Relevant","Very Relevant","Not relevant","Not relevant","Very Relevant","Very Relevant","Not relevant","Very Relevant","Not relevant","Not relevant","Very Relevant","Very Relevant","Not relevant","Not relevant","Very Relevant","Not relevant","Very Relevant","Not relevant","Very Relevant","Very Relevant","Not relevant","Relevant","Very Relevant","Relevant","Not relevant","Very Relevant","Not relevant","Not relevant","Very Relevant","Relevant","Not relevant","5","5",""
"2021/03/26 2:01:36 PM EET","Yes","No","Relevant","Not relevant","Very Relevant","Not relevant","Very Relevant","Not relevant","Not relevant","Very Relevant","Not relevant","Very Relevant","Not relevant","Very Relevant","Very Relevant","Not relevant","Not relevant","Very Relevant","Very Relevant","Not relevant","Very Relevant","Not relevant","Not relevant","Relevant","Relevant","Not relevant","Not relevant","Relevant","Not relevant","Relevant","Not relevant","Very Relevant","Relevant","Not relevant","Not relevant","Relevant","Relevant","Relevant","Relevant","Not relevant","Not relevant","Relevant","Very Relevant","Not relevant","5","4",""
"2021/03/26 3:24:31 PM EET","No","No","Relevant","Not relevant","Very Relevant","Not relevant","Relevant","Not relevant","Not relevant","Very Relevant","Not relevant","Relevant","Not relevant","Relevant","Relevant","Not relevant","Not relevant","Relevant","Very Relevant","Not relevant","Very Relevant","Not relevant","Not relevant","Very Relevant","Relevant","Not relevant","Not relevant","Relevant","Not relevant","Relevant","Not relevant","Very Relevant","Very Relevant","Not relevant","Not relevant","Very Relevant","Relevant","Not relevant","Relevant","Not relevant","Not relevant","Relevant","Relevant","Not relevant","4","4",""
"2021/03/26 3:51:25 PM EET","No","No","Relevant","Not relevant","Very Relevant","Not relevant","Very Relevant","Not relevant","Not relevant","Very Relevant","Not relevant","Very Relevant","Not relevant","Very Relevant","Very Relevant","Not relevant","Not relevant","Very Relevant","Very Relevant","Not relevant","Relevant","Not relevant","Not relevant","Very Relevant","Very Relevant","Not relevant","Relevant","Relevant","Not relevant","Very Relevant","Not relevant","Very Relevant","Very Relevant","Not relevant","Not relevant","Very Relevant","Very Relevant","Not relevant","Very Relevant","Not relevant","Not relevant","Very Relevant","Relevant","Not relevant","4","4","in the first part of survey there is a duplicate"
"2021/03/26 6:30:15 PM EET","Yes","No","Very Relevant","Not relevant","Very Relevant","Not relevant","Very Relevant","Not relevant","Not relevant","Very Relevant","Not relevant","Very Relevant","Not relevant","Very Relevant","Very Relevant","Not relevant","Not relevant","Very Relevant","Very Relevant","Not relevant","Very Relevant","Not relevant","Not relevant","Very Relevant","Very Relevant","Not relevant","Not relevant","Very Relevant","Not relevant","Very Relevant","Not relevant","Very Relevant","Very Relevant","Not relevant","Not relevant","Very Relevant","Very Relevant","Not relevant","Very Relevant","Not relevant","Not relevant","Very Relevant","Relevant","Not relevant","4","5","Your algorithm seems precise, good job! :)"
"2021/03/26 7:53:53 PM EET","Yes","No","Relevant","Not relevant","Relevant","Relevant","Very Relevant","Not relevant","Not relevant","Very Relevant","Not relevant","Very Relevant","Not relevant","Very Relevant","Relevant","Not relevant","Not relevant","Very Relevant","Very Relevant","Not relevant","Very Relevant","Not relevant","Not relevant","Relevant","Very Relevant","Not relevant","Not relevant","Very Relevant","Not relevant","Very Relevant","Not relevant","Very Relevant","Relevant","Not relevant","Not relevant","Very Relevant","Very Relevant","Not relevant","Relevant","Not relevant","Not relevant","Very Relevant","Not relevant","Not relevant","5","4",""
"2021/03/26 8:00:07 PM EET","Yes","No","Relevant","Not relevant","Relevant","Not relevant","Relevant","Not relevant","Not relevant","Very Relevant","Not relevant","Relevant","Not relevant","Relevant","Very Relevant","Not relevant","Relevant","Very Relevant","Relevant","Not relevant","Not relevant","Relevant","Not relevant","Very Relevant","Very Relevant","Not relevant","Not relevant","Relevant","Relevant","Relevant","Not relevant","Relevant","Relevant","Not relevant","Not relevant","Relevant","Relevant","Not relevant","Relevant","Not relevant","Not relevant","Relevant","Relevant","Not relevant","5","4",""
"2021/03/26 8:32:45 PM EET","Yes","No","Very Relevant","Not relevant","Very Relevant","Not relevant","Very Relevant","Not relevant","Not relevant","Very Relevant","Not relevant","Very Relevant","Not relevant","Very Relevant","Very Relevant","Not relevant","Not relevant","Very Relevant","Very Relevant","Not relevant","Very Relevant","Not relevant","Not relevant","Very Relevant","Relevant","Not relevant","Not relevant","Very Relevant","Not relevant","Very Relevant","Very Relevant","Very Relevant","Very Relevant","Not relevant","Not relevant","Very Relevant","Relevant","Not relevant","Relevant","Not relevant","Not relevant","Very Relevant","Very Relevant","Not relevant","3","4",""
"2021/03/26 10:33:43 PM EET","Yes","No","Relevant","Not relevant","Relevant","Not relevant","Very Relevant","Not relevant","Not relevant","Relevant","Not relevant","Relevant","Not relevant","Very Relevant","Very Relevant","Not relevant","Not relevant","Very Relevant","Very Relevant","Not relevant","Relevant","Not relevant","Not relevant","Relevant","Very Relevant","Not relevant","Not relevant","Relevant","Not relevant","Relevant","Not relevant","Very Relevant","Very Relevant","Not relevant","Not relevant","Very Relevant","Not relevant","Not relevant","Very Relevant","Not relevant","Not relevant","Very Relevant","Relevant","Not relevant","5","4","Can you please share the Github link for the models if they are written in Python 3. TIA"
"2021/03/27 10:59:09 AM EET","Yes","No","Relevant","Not relevant","Relevant","Not relevant","Relevant","Not relevant","Not relevant","Relevant","Not relevant","Relevant","Not relevant","Relevant","Relevant","Not relevant","Not relevant","Relevant","Relevant","Not relevant","Relevant","Not relevant","Not relevant","Relevant","Relevant","Not relevant","Relevant","Relevant","Relevant","Relevant","Not relevant","Relevant","Relevant","Not relevant","Not relevant","Relevant","Relevant","Relevant","Relevant","Relevant","Not relevant","Relevant","Relevant","Not relevant","4","3",""
"2021/03/27 12:48:06 PM EET","Yes","No","Relevant","Not relevant","Relevant","Not relevant","Relevant","Not relevant","Not relevant","Very Relevant","Not relevant","Relevant","Not relevant","Relevant","Very Relevant","Not relevant","Relevant","Very Relevant","Relevant","Not relevant","Not relevant","Relevant","Not relevant","Very Relevant","Very Relevant","Not relevant","Not relevant","Relevant","Relevant","Relevant","Not relevant","Relevant","Relevant","Not relevant","Not relevant","Relevant","Relevant","Not relevant","Relevant","Not relevant","Not relevant","Relevant","Relevant","Not relevant","5","4",""
"2021/03/27 5:02:19 PM EET","Yes","No","Relevant","Not relevant","Relevant","Not relevant","Relevant","Not relevant","Not relevant","Relevant","Not relevant","Very Relevant","Not relevant","Very Relevant","Very Relevant","Not relevant","Not relevant","Very Relevant","Very Relevant","Not relevant","Relevant","Not relevant","Not relevant","Very Relevant","Relevant","Not relevant","Not relevant","Very Relevant","Not relevant","Not relevant","Relevant","Relevant","Relevant","Not relevant","Not relevant","Relevant","Not relevant","Not relevant","Relevant","Not relevant","Not relevant","Relevant","Relevant","Not relevant","5","4",""
"2021/03/27 6:40:33 PM EET","Yes","No","Very Relevant","Not relevant","Very Relevant","Relevant","Very Relevant","Relevant","Not relevant","Very Relevant","Not relevant","Very Relevant","Not relevant","Very Relevant","Very Relevant","Not relevant","Not relevant","Very Relevant","Relevant","Very Relevant","Very Relevant","Not relevant","Relevant","Very Relevant","Very Relevant","Relevant","Relevant","Very Relevant","Relevant","Very Relevant","Not relevant","Very Relevant","Very Relevant","Not relevant","Not relevant","Very Relevant","Very Relevant","Not relevant","Very Relevant","Not relevant","Not relevant","Very Relevant","Very Relevant","Not relevant","5","4",""
"2021/03/29 9:29:04 AM EET","Yes","No","Very Relevant","Not relevant","Very Relevant","Not relevant","Very Relevant","Not relevant","Not relevant","Relevant","Not relevant","Relevant","Not relevant","Relevant","Very Relevant","Not relevant","Not relevant","Relevant","Very Relevant","Relevant","Very Relevant","Not relevant","Not relevant","Relevant","Very Relevant","Relevant","Not relevant","Relevant","Not relevant","Relevant","Not relevant","Relevant","Relevant","Not relevant","Not relevant","Relevant","Not relevant","Not relevant","Relevant","Not relevant","Not relevant","Relevant","Relevant","Not relevant","5","4",""
"2021/03/29 5:47:16 PM EET","No","No","Relevant","Relevant","Relevant","Relevant","Relevant","Relevant","Relevant","Relevant","Relevant","Relevant","Relevant","Relevant","Relevant","Relevant","Relevant","Relevant","Relevant","Relevant","Relevant","Relevant","Relevant","Relevant","Relevant","Relevant","Relevant","Relevant","Relevant","Relevant","Relevant","Relevant","Relevant","Relevant","Relevant","Relevant","Relevant","Relevant","Relevant","Relevant","Relevant","Relevant","Relevant","Relevant","3","3",""
"2021/03/30 5:48:20 PM EET","Yes","Yes","Relevant","Not relevant","Very Relevant","Not relevant","Relevant","Not relevant","Not relevant","Very Relevant","Not relevant","Very Relevant","Not relevant","Very Relevant","Very Relevant","Not relevant","Not relevant","Relevant","Relevant","Not relevant","Relevant","Not relevant","Not relevant","Relevant","Relevant","Not relevant","Not relevant","Relevant","Not relevant","Relevant","Relevant","Relevant","Not relevant","Relevant","Not relevant","Relevant","Relevant","Not relevant","Relevant","Not relevant","Not relevant","Relevant","Relevant","Not relevant","4","4",""
"2021/03/31 9:19:50 AM EET","Yes","No","Relevant","Not relevant","Relevant","Relevant","Very Relevant","Not relevant","Not relevant","Very Relevant","Not relevant","Relevant","Not relevant","Relevant","Very Relevant","Not relevant","Not relevant","Relevant","Very Relevant","Not relevant","Very Relevant","Not relevant","Not relevant","Very Relevant","Relevant","Not relevant","Not relevant","Relevant","Not relevant","Not relevant","Not relevant","Relevant","Very Relevant","Not relevant","Relevant","Relevant","Not relevant","Not relevant","Very Relevant","Not relevant","Not relevant","Relevant","Relevant","Not relevant","5","3",""
"2021/03/31 10:37:44 PM EET","Yes","Yes","Very Relevant","Not relevant","Very Relevant","Not relevant","Very Relevant","Not relevant","Not relevant","Very Relevant","Not relevant","Very Relevant","Not relevant","Very Relevant","Very Relevant","Not relevant","Not relevant","Very Relevant","Very Relevant","Not relevant","Very Relevant","Not relevant","Not relevant","Very Relevant","Very Relevant","Not relevant","Not relevant","Very Relevant","Not relevant","Relevant","Not relevant","Very Relevant","Very Relevant","Not relevant","Not relevant","Very Relevant","Very Relevant","Not relevant","Very Relevant","Not relevant","Not relevant","Relevant","Very Relevant","Not relevant","5","5",""
"2021/04/01 9:41:38 AM EET","Yes","No","Very Relevant","Not relevant","Not relevant","Relevant","Relevant","Not relevant","Not relevant","Very Relevant","Not relevant","Very Relevant","Not relevant","Very Relevant","Very Relevant","Not relevant","Not relevant","Very Relevant","Very Relevant","Not relevant","Very Relevant","Not relevant","Not relevant","Very Relevant","Very Relevant","Not relevant","Not relevant","Very Relevant","Relevant","Very Relevant","Not relevant","Very Relevant","Very Relevant","Relevant","Not relevant","Very Relevant","Relevant","Not relevant","Very Relevant","Not relevant","Not relevant","Very Relevant","Very Relevant","Not relevant","4","5",""
"2021/04/02 3:37:17 PM EET","Yes","Yes","Relevant","Not relevant","Relevant","Relevant","Not relevant","Relevant","Relevant","Not relevant","Not relevant","Relevant","Not relevant","Relevant","Relevant","Not relevant","Not relevant","Very Relevant","Relevant","Relevant","Very Relevant","Not relevant","Not relevant","Relevant","Relevant","Not relevant","Relevant","Relevant","Not relevant","Relevant","Relevant","Very Relevant","Very Relevant","Relevant","Relevant","Not relevant","Relevant","Relevant","Not relevant","Relevant","Relevant","Relevant","Relevant","Not relevant","4","3",""